num,url
1,https://opensea.io/assets/matic/0xfbf050f0da15a577d84448212a3b21aafd3dc412/1/sell
2,https://opensea.io/assets/matic/0xfbf050f0da15a577d84448212a3b21aafd3dc412/2/sell
3,https://opensea.io/assets/matic/0xfbf050f0da15a577d84448212a3b21aafd3dc412/3/sell
4,https://opensea.io/assets/matic/0xfbf050f0da15a577d84448212a3b21aafd3dc412/4/sell
5,https://opensea.io/assets/matic/0xfbf050f0da15a577d84448212a3b21aafd3dc412/5/sell
6,https://opensea.io/assets/matic/0xfbf050f0da15a577d84448212a3b21aafd3dc412/6/sell
7,https://opensea.io/assets/matic/0xfbf050f0da15a577d84448212a3b21aafd3dc412/7/sell
8,https://opensea.io/assets/matic/0xfbf050f0da15a577d84448212a3b21aafd3dc412/8/sell
9,https://opensea.io/assets/matic/0xfbf050f0da15a577d84448212a3b21aafd3dc412/9/sell
10,https://opensea.io/assets/matic/0xfbf050f0da15a577d84448212a3b21aafd3dc412/10/sell
11,https://opensea.io/assets/matic/0xfbf050f0da15a577d84448212a3b21aafd3dc412/11/sell
12,https://opensea.io/assets/matic/0xfbf050f0da15a577d84448212a3b21aafd3dc412/12/sell
13,https://opensea.io/assets/matic/0xfbf050f0da15a577d84448212a3b21aafd3dc412/13/sell
14,https://opensea.io/assets/matic/0xfbf050f0da15a577d84448212a3b21aafd3dc412/14/sell
15,https://opensea.io/assets/matic/0xfbf050f0da15a577d84448212a3b21aafd3dc412/15/sell
16,https://opensea.io/assets/matic/0xfbf050f0da15a577d84448212a3b21aafd3dc412/16/sell
17,https://opensea.io/assets/matic/0xfbf050f0da15a577d84448212a3b21aafd3dc412/17/sell
18,https://opensea.io/assets/matic/0xfbf050f0da15a577d84448212a3b21aafd3dc412/18/sell
19,https://opensea.io/assets/matic/0xfbf050f0da15a577d84448212a3b21aafd3dc412/19/sell
